{
  "parent": "minecraft:item/generated",
  "textures": {
    "layer0": "minecraft:item/knowledge_book"
  },
"overrides": 
[
  { "predicate": { "custom_model_data": 7740000}, "model": "item/stage0"},
  { "predicate": { "custom_model_data": 7740001}, "model": "item/stage1"},
  { "predicate": { "custom_model_data": 7740002}, "model": "item/stage2"},
  { "predicate": { "custom_model_data": 7740003}, "model": "item/stage3"},
  { "predicate": { "custom_model_data": 7740004}, "model": "item/godblood"}
]
}