{
  "type": "minecraft:crafting_shaped",
  "pattern": [
    "212",
    "303",
    "454"
  ],
  "key": {
    "0": {
      "item": "minecraft:knowledge_book"
    },
    "1": {
      "item": "minecraft:totem_of_undying"
    },
    "2": {
      "item": "minecraft:glowstone_dust"
    },
    "3": {
      "item": "minecraft:ender_eye"
    },
    "4": {
      "item": "minecraft:magma_cream"
    },
    "5": {
      "item": "minecraft:ghast_tear"
    }
  },
  "result": {
    "item": "minecraft:debug_stick",
    "count": 1
  },
  "group": "stage2"
}