{
  "type": "minecraft:crafting_shaped",
  "pattern": [
    "212",
    "303",
    "454"
  ],
  "key": {
    "0": {
      "item": "minecraft:knowledge_book"
    },
    "1": {
      "item": "minecraft:slime_ball"
    },
    "2": {
      "item": "minecraft:amethyst_shard"
    },
    "3": {
      "item": "minecraft:ender_pearl"
    },
    "4": {
      "item": "minecraft:phantom_membrane"
    },
    "5": {
      "item": "minecraft:nautilus_shell"
    }
  },
  "result": {
    "item": "minecraft:debug_stick",
    "count": 1
  },
  "group": "stage1"
}